<?xml version="1.0" encoding="UTF-8"?>
<project-private xmlns="http://www.netbeans.org/ns/project-private/1">
    <editor-bookmarks xmlns="http://www.netbeans.org/ns/editor-bookmarks/2" lastBookmarkId="0"/>
    <open-files xmlns="http://www.netbeans.org/ns/projectui-open-files/2">
        <group>
            <file>file:/C:/Users/egonb/Documents/GitHub/taw/GigDigger/web/EventoCrear.jsp</file>
            <file>file:/C:/Users/egonb/Documents/GitHub/taw/GigDigger/src/java/gigdigger/dao/EstudioFacade.java</file>
            <file>file:/C:/Users/egonb/Documents/GitHub/taw/GigDigger/src/java/gigdigger/dao/EventoFacade.java</file>
            <file>file:/C:/Users/egonb/Documents/GitHub/taw/GigDigger/src/java/gigdigger/entity/Evento.java</file>
            <file>file:/C:/Users/egonb/Documents/GitHub/taw/GigDigger/web/Perfil.jsp</file>
            <file>file:/C:/Users/egonb/Documents/GitHub/taw/GigDigger/src/java/gigdigger/servlet/ServletEventoCrear.java</file>
            <file>file:/C:/Users/egonb/Documents/GitHub/taw/GigDigger/src/java/gigdigger/servlet/ServletPerfil.java</file>
            <file>file:/C:/Users/egonb/Documents/GitHub/taw/GigDigger/src/java/gigdigger/servlet/ServletEventoGuardar.java</file>
        </group>
    </open-files>
</project-private>
