<?xml version="1.0" encoding="UTF-8"?>
<project-private xmlns="http://www.netbeans.org/ns/project-private/1">
    <editor-bookmarks xmlns="http://www.netbeans.org/ns/editor-bookmarks/2" lastBookmarkId="0"/>
    <open-files xmlns="http://www.netbeans.org/ns/projectui-open-files/2">
        <group>
            <file>file:/Users/ruben/Documents/TAW/TRABAJO/GigDigger/GigDigger/web/styles.css</file>
            <file>file:/Users/ruben/Documents/TAW/TRABAJO/GigDigger/GigDigger/web/EventoCrear.jsp</file>
            <file>file:/Users/ruben/Documents/TAW/TRABAJO/GigDigger/GigDigger/src/java/gigdigger/servlet/ServletEventoCrear.java</file>
            <file>file:/Users/ruben/Documents/TAW/TRABAJO/GigDigger/GigDigger/src/java/gigdigger/entity/Estudio.java</file>
            <file>file:/Users/ruben/Documents/TAW/TRABAJO/GigDigger/GigDigger/web/ListaEventos.jsp</file>
            <file>file:/Users/ruben/Documents/TAW/TRABAJO/GigDigger/GigDigger/web/EstudioCrear.jsp</file>
            <file>file:/Users/ruben/Documents/TAW/TRABAJO/GigDigger/GigDigger/src/java/gigdigger/dao/EstudioFacade.java</file>
            <file>file:/Users/ruben/Documents/TAW/TRABAJO/GigDigger/GigDigger/web/ListaEstudios.jsp</file>
            <file>file:/Users/ruben/Documents/TAW/TRABAJO/GigDigger/GigDigger/src/java/gigdigger/servlet/ServletEstudioGuardar.java</file>
            <file>file:/Users/ruben/Documents/TAW/TRABAJO/GigDigger/GigDigger/src/java/gigdigger/servlet/ServletRegistro.java</file>
            <file>file:/Users/ruben/Documents/TAW/TRABAJO/GigDigger/GigDigger/src/java/gigdigger/servlet/ServletEstudioListar.java</file>
            <file>file:/Users/ruben/Documents/TAW/TRABAJO/GigDigger/GigDigger/src/java/gigdigger/dao/EventoFacade.java</file>
            <file>file:/Users/ruben/Documents/TAW/TRABAJO/GigDigger/GigDigger/web/Registro.jsp</file>
            <file>file:/Users/ruben/Documents/TAW/TRABAJO/GigDigger/GigDigger/src/java/gigdigger/servlet/ServletEventoGuardar.java</file>
        </group>
    </open-files>
</project-private>
